[
  {
    "user": "U01",
    "text": "Can we get compliance sign-off on this before proceeding?",
    "ts": "1717436935.000874"
  },
  {
    "user": "U03",
    "text": "Reminder: Please don't share passwords on Slack — it's a compliance risk.",
    "ts": "1717436782.000705"
  },
  {
    "user": "U02",
    "text": "Can someone remove :clown_face:? It's showing up in our audit logs and looks unprofessional.",
    "ts": "1717436208.000500"
  },
  {
    "user": "U02",
    "text": "Please don’t share passwords here. We need to follow internal security policies.",
    "ts": "1717436208.000328"
  },
  {
    "user": "U02",
    "text": "Legal is reviewing the latest data disclosure. Hold off on any external sends.",
    "ts": "1717436171.000682"
  },
  {
    "user": "U02",
    "text": "Can we get compliance approval logged in Confluence as well?",
    "ts": "1717436938.000928"
  },
  {
    "user": "U03",
    "text": "Legal just confirmed they’re reviewing the most recent document drop.",
    "ts": "1717436993.000977"
  },
  {
    "user": "U02",
    "text": "Who uploaded `project_dolphin_final_v4.docx`? It wasn’t cleared through the content review process.",
    "ts": "1717436490.000649"
  }
]
