[
  {
    "id": "U01",
    "name": "david",
    "real_name": "David Mack"
  },
  {
    "id": "U02",
    "name": "cole",
    "real_name": "Cole Smith"
  },
  {
    "id": "U03",
    "name": "slaw",
    "real_name": "Richard Slaw"
  },
  {
    "id": "U04",
    "name": "spy",
    "real_name": "",
    "profile": {
      "display_name": "\ud83d\udd75\ufe0f",
      "image_192": ""
    }
  },
  {
    "id": "U05",
    "name": "filedrop",
    "real_name": "",
    "profile": {
      "display_name": "\ud83d\udcc1",
      "image_192": ""
    }
  },
  {
    "id": "U06",
    "name": "lock",
    "real_name": "",
    "profile": {
      "display_name": "\ud83d\udd12",
      "image_192": ""
    }
  }
]