[
  {
    "user": "U02",
    "text": "Legal is reviewing the last drop.",
    "ts": "1717436906.000101"
  },
  {
    "user": "U02",
    "text": "Daily standup summary has been emailed.",
    "ts": "1717436223.000571"
  },
  {
    "user": "U03",
    "text": "Reminder to fill out the compliance form.",
    "ts": "1717436360.000381"
  },
  {
    "user": "U01",
    "text": "Reminder to fill out the compliance form.",
    "ts": "1717436351.000174"
  },
  {
    "user": "U03",
    "text": "Daily standup summary has been emailed.",
    "ts": "1717436341.000664"
  },
  {
    "user": "U03",
    "text": "Can we get approval on this?",
    "ts": "1717436890.000595"
  }
]