[
  {
    "user": "U01",
    "text": "Hey team, any update on the compliance issue flagged during last Friday’s audit walk-through? The notes mentioned a ‘Category 2 exposure’ related to file handling.",
    "ts": "1717435200.000200"
  },
  {
    "user": "U02",
    "text": "It looks like we might have another breach of protocol. Check `/files/internal_docs/` for any uploads timestamped outside of business hours. There were multiple entries flagged by the IDS.",
    "ts": "1717435300.000300"
  },
  {
    "user": "U04",
    "text": "🕵️ audit_watch",
    "reactions": [
      {
        "name": "eyes",
        "users": [ "U01" ]
      },
      {
        "name": "b64:ZGZlbmR7", 
        "users": [ "U04" ]
      }
    ],
    "ts": "1717435400.000400"
  },
  {
    "user": "U05",
    "text": "📁_policy_violation_log uploaded. File name: `export_policy_violation_q2_incident3.xlsx`. 12 rows of timestamp mismatches, 2 unauthorized extensions (ZIP, DOCX).",
    "thread_ts": "1717435400.000400",
    "ts": "1717435401.000100"
  },
  {
    "user": "U03",
    "text": "If this ties back to the unencrypted exports from last week — the ones with client PII — we need to escalate to CCO and potentially DPO. Please confirm if `user34` or `svc_archive` touched those assets.",
    "ts": "1717435500.000500"
  },
  {
    "user": "U01",
    "text": "Copy that. Let’s flag this for the Monday compliance sync. Add it to the rolling incident summary doc. We can't risk another item in the quarterly audit trail.",
    "ts": "1717435600.000600"
  },
  {
    "user": "U02",
    "text": "Found a Slack export with hardcoded auth tokens in plain text… again. Same path as the March breach. It’s named `chat_export_backup_final_final_v2.zip`. Who owns this?",
    "ts": "1717435700.000700"
  },
  {
    "user": "U05",
    "text": "Cross-referencing now with `access_log_2024-06-01.csv`. Initial matches to user ID `U13`, IP range tied to remote VPN. I’ll sanitize and upload to `#compliance-review`.",
    "ts": "1717435720.000710"
  },
  {
    "user": "U03",
    "text": "Just FYI: SOC2 guidelines require access logs to be retained with encryption-at-rest. Can someone check if `/logs/compliance/archive/` was rotated this week?",
    "ts": "1717435800.000750"
  },
  {
    "user": "U04",
    "text": "The rotation job was scheduled but failed on the 3rd due to low disk quota. Not sure if the fallback was triggered. Running `logrotate` manually now to verify.",
    "ts": "1717435850.000800"
  },
  {
    "user": "U01",
    "text": "Adding all this to the IR (incident report) draft. Re: encryption — are we still using AES-256 for the vault, or did the VaultOps team switch to hybrid RSA+AES last sprint?",
    "ts": "1717435900.000850"
  },
  {
    "user": "U02",
    "text": "Hybrid setup is in staging but hasn’t rolled to prod yet. We’re still AES-only in active vaults. There’s a change request pending review — #change-3424 — that was blocked last week.",
    "ts": "1717435950.000880"
  },
  {
    "user": "U03",
    "text": "Quick aside: who approved the file exceptions list? The policy doc still lists `.zip` and `.tar` as restricted unless they're signed. If that changed, I never saw the memo.",
    "ts": "1717436000.000910"
  },
  {
    "user": "U04",
    "text": "That exception was pushed via emergency request during the outage two weeks ago. I’ll pull the approval email chain from `GRCMailbox@` and attach it to today’s summary.",
    "ts": "1717436035.000920"
  },
  {
    "user": "U01",
    "text": "Please do. And loop in Legal once the final PDF report is ready. Label it `CONFIDENTIAL – INTERNAL REVIEW ONLY`. DPO will want to review anything involving client metadata.",
    "ts": "1717436100.000940"
  },
  {
    "user": "U05",
    "text": "Heads up: I just ran a regex sweep on the `/uploads` directory — found `token=` strings in 14 files. Some are test data, but at least 3 include live API keys. Need eyes on this.",
    "ts": "1717436150.000950"
  },
  {
    "user": "U02",
    "text": "That’s a serious violation. Start a forensic capture of `/uploads`, hash the files, and quarantine immediately. I’ll notify InfraSec to lock the source bucket.",
    "ts": "1717436180.000970"
  },
  {
    "user": "U03",
    "text": "This is spiraling. Can we also re-audit the IAM roles assigned to our support engineers? Something isn’t adding up if they can upload zip archives with tokenized data.",
    "ts": "1717436200.000975"
  },
  {
    "user": "U04",
    "text": "Already pulling a delta on the IAM policy group diffs. Will compare against baseline roles from last compliance snapshot.",
    "ts": "1717436225.000980"
  },
  {
    "user": "U01",
    "text": "Let’s document everything as if it’s a formal breach. Even if this ends up contained, we want our paper trail in place before the auditors come back around.",
    "ts": "1717436250.000990"
  },
  {
    "user": "U05",
    "text": "Just uploaded `IR_draft_rev1.md` to the shared folder. Contains timeline, user IDs, hashlist, and systems touched. Please review and add anything I missed.",
    "ts": "1717436300.001000"
  },
  {
    "user": "U03",
    "text": "Thanks. Tagging @U06 from GRC to validate our impact assessment language. Let’s keep this thread internal for now — no external notifications until Legal signs off.",
    "ts": "1717436325.001010"
  },
  {
    "user": "U01",
    "text": "👏 Good work all. Let’s regroup at 3 PM for a short sync. We need a clean debrief before it reaches exec review.",
    "ts": "1717436350.001020"
  }
]
