[
  {
    "user": "U01",
    "text": "Hey team, any update on the legal issue?",
    "ts": "1717435200.000200"
  },
  {
    "user": "U02",
    "text": "We might be compromised… again. Check /files for odd uploads.",
    "ts": "1717435300.000300"
  },
  {
    "user": "U04",
    "text": "🕵️ incoming",
    "reactions": [
      {
        "name": "eyes",
        "users": ["U01"]
      },
      {
        "name": "ZGZlbmR7",
        "users": ["U04"]
      }
    ],
    "ts": "1717435400.000400"
  },
  {
    "user": "U05",
    "text": "📁_info drop",
    "thread_ts": "1717435400.000400",
    "ts": "1717435401.000401"
  },
  {
    "user": "U05",
    "text": "emoji_",
    "thread_ts": "1717435400.000400",
    "ts": "1717435402.000402"
  },
  {
    "user": "U03",
    "text": "Who is even posting this stuff?",
    "ts": "1717435500.000500"
  },
  {
    "user": "U06",
    "text": "shadows_ in /files again?",
    "reactions": [
      {
        "name": "bobby",
        "users": ["U06"]
      }
    ],
    "ts": "1717435600.000600"
  },
  {
    "user": "U04",
    "text": "Legal code ref 1023a: dGgzXw==",
    "ts": "1717435700.000701"
  },
  {
    "user": "U05",
    "text": "Slack audit note: c2w0Y2tf",
    "ts": "1717435800.000702"
  },
  {
    "user": "U06",
    "text": "Penetration test ID log: aDRjazNyfQ==",
    "ts": "1717435900.000703"
  },
  {
    "user": "U02",
    "text": "Can we get approval on this?",
    "ts": "1717436495.000896"
  },
  {
    "user": "U01",
    "text": "Reminder to fill out the compliance form.",
    "ts": "1717436998.000614"
  },
  {
    "user": "U01",
    "text": "Reminder to fill out the compliance form.",
    "ts": "1717436726.000243"
  },
  {
    "user": "U02",
    "text": "Who uploaded `project_dolphin_final_v4.docx`?",
    "ts": "1717436618.000792"
  },
  {
    "user": "U01",
    "text": "Can we get approval on this?",
    "ts": "1717436635.000390"
  },
  {
    "user": "U03",
    "text": "Can someone remove :clown_face: from the channel emoji?",
    "ts": "1717436131.000977"
  },
  {
    "user": "U01",
    "text": "Can we get approval on this?",
    "ts": "1717436460.000384"
  }
]