[
  {
    "user": "U01",
    "text": "Can we get approval on this?",
    "ts": "1717436935.000874"
  },
  {
    "user": "U03",
    "text": "Please don't share passwords on Slack again.",
    "ts": "1717436782.000705"
  },
  {
    "user": "U02",
    "text": "Can someone remove :clown_face: from the channel emoji?",
    "ts": "1717436208.000500"
  },
  {
    "user": "U02",
    "text": "Please don't share passwords on Slack again.",
    "ts": "1717436208.000328"
  },
  {
    "user": "U02",
    "text": "Legal is reviewing the last drop.",
    "ts": "1717436171.000682"
  },
  {
    "user": "U02",
    "text": "Can we get approval on this?",
    "ts": "1717436938.000928"
  },
  {
    "user": "U03",
    "text": "Legal is reviewing the last drop.",
    "ts": "1717436993.000977"
  },
  {
    "user": "U02",
    "text": "Who uploaded `project_dolphin_final_v4.docx`?",
    "ts": "1717436490.000649"
  }
]