[
  {
    "user": "U01",
    "text": "Can we get approval on this?",
    "ts": "1717436457.000707"
  },
  {
    "user": "U02",
    "text": "Daily standup summary has been emailed.",
    "ts": "1717436361.000278"
  },
  {
    "user": "U02",
    "text": "Can we get approval on this?",
    "ts": "1717436325.000669"
  },
  {
    "user": "U02",
    "text": "Can we get approval on this?",
    "ts": "1717436411.000974"
  },
  {
    "user": "U03",
    "text": "Reminder to fill out the compliance form.",
    "ts": "1717436898.000228"
  },
  {
    "user": "U01",
    "text": "Please don't share passwords on Slack again.",
    "ts": "1717436626.000399"
  }
]